<?xml version="1.0" encoding="UTF-8"?>
<!DOCTYPE pedidos SYSTEM "./guion.dtd">
<pedidos>
    <pedido>
        <numero>1</numero>
        <nombre>José Luis</nombre>
        <apellido>Martinez Moreno</apellido>
        <telefono>678923104</telefono>
        <direccion>
            <calle>Calle Rosario</calle>
            <ciudad>Tarragona</ciudad>
            <codigo_postal>43003</codigo_postal>
            <provincia>Tarragona</provincia>
        </direccion>
        <email>Joselu@gmail.com</email>
        <fecha_inclusion>
            <fecha>10 de Febrero</fecha>
            <año>2014</año>
            <trimestre>1</trimestre>
        </fecha_inclusion>
        <datos_Pedido>
            <id_pedido>DY6JP8G6ACW9S627VJC64ZRTSI</id_pedido>
            <fecha_compra>05-01-2021</fecha_compra>
            <fecha_entrega>10-01-2021</fecha_entrega>
            <total_factura>53€</total_factura>
            <producto>
                <nombre_producto>Camisa caqui</nombre_producto>
                <referencia>127118251</referencia>
                <precio>41,99€</precio>
                <unidades>1</unidades>
            </producto>
        </datos_Pedido>
    </pedido>

    <pedido>
        <numero>2</numero>
        <nombre>María</nombre>
        <apellido>Ramirez Sevilla</apellido>
        <telefono>678910047</telefono>
        <direccion>
            <calle>Calle Manuel Del Pino</calle>
            <ciudad>Jaén</ciudad>
            <codigo_postal>23001</codigo_postal>
            <provincia>Jaén</provincia>
        </direccion>
        <email>Mery@gmail.com</email>
        <fecha_inclusion>
            <fecha>7 de Marzo</fecha>
            <año>2019</año>
            <trimestre>1</trimestre>
        </fecha_inclusion>
        <datos_Pedido>
            <id_pedido>GYIEOECFVLUI1KEPQWNSBRF1NO</id_pedido>
            <fecha_compra>07-01-2021</fecha_compra>
            <fecha_entrega>11-01-2021</fecha_entrega>
            <total_factura>50€</total_factura>
            <producto>
                <nombre_producto>Mono negro</nombre_producto>
                <referencia>122898371</referencia>
                <precio>45€</precio>
                <unidades>1</unidades>
            </producto>
        </datos_Pedido>
    </pedido>
    
    <pedido>
        <numero>3</numero>
        <nombre>Mario</nombre>
        <apellido>González Cudillo</apellido>
        <telefono>676800137</telefono>
        <direccion>
            <calle>Calle Goliat</calle>
            <ciudad>Trujillo</ciudad>
            <codigo_postal>10200</codigo_postal>
            <provincia>Caceres</provincia>
        </direccion>
        <email>Marioloquito@gmail.com</email>
        <fecha_inclusion>
            <fecha>3 de Enero</fecha>
            <año>2017</año>
            <trimestre>1</trimestre>
        </fecha_inclusion>
        <datos_Pedido>
            <id_pedido>Z9J8Q8UA8A8A3XAYLCWNNGIVIK</id_pedido>
            <fecha_compra>06-01-2021</fecha_compra>
            <fecha_entrega>12-01-2021</fecha_entrega>
            <total_factura>40€</total_factura>
            <producto>
                <nombre_producto>Camiseta negra Marvel</nombre_producto>
                <referencia>127403523</referencia>
                <precio>32,99€</precio>
                <unidades>1</unidades>
            </producto>
        </datos_Pedido>
    </pedido>

    <pedido>
        <numero>4</numero>
        <nombre>Rosario</nombre>
        <apellido>Caceres Rey</apellido>
        <telefono>689400022</telefono>
        <direccion>
            <calle>Calle Manantial</calle>
            <ciudad>Plasencia</ciudad>
            <codigo_postal>10600</codigo_postal>
            <provincia>Caceres</provincia>
        </direccion>
        <email>Rosarito@gmail.com</email>
        <fecha_inclusion>
            <fecha>4 de Febrero</fecha>
            <año>2020</año>
            <trimestre>1</trimestre>
        </fecha_inclusion>
        <datos_Pedido>
            <id_pedido>CEMU04SWW0HI5DDMVF31TP3CNV</id_pedido>
            <fecha_compra>12-01-2021</fecha_compra>
            <fecha_entrega>16-01-2021</fecha_entrega>
            <total_factura>40€</total_factura>
            <producto>
                <nombre_producto>Sombrero Fedora negro</nombre_producto>
                <referencia>126649507</referencia>
                <precio>35,99€</precio>
                <unidades>1</unidades>
            </producto>
        </datos_Pedido>
    </pedido>

    <pedido>
        <numero>5</numero>
        <nombre>Laura</nombre>
        <apellido>Fernández García</apellido>
        <telefono>678923400</telefono>
        <direccion>
            <calle>Calle Cesar Navarro</calle>
            <ciudad>Getafe</ciudad>
            <codigo_postal>28907</codigo_postal>
            <provincia>Madrid</provincia>
        </direccion>
        <email>Laulau@gmail.com</email>
        <fecha_inclusion>
            <fecha>17 de Marzo</fecha>
            <año>2018</año>
            <trimestre>1</trimestre>
        </fecha_inclusion>
        <datos_Pedido>
            <id_pedido>NDCWP31YLTZ6UOJK2O3NC81YZS</id_pedido>
            <fecha_compra>13-01-2021</fecha_compra>
            <fecha_entrega>16-01-2021</fecha_entrega>
            <total_factura>43€</total_factura>
            <producto>
                <nombre_producto>Top negro</nombre_producto>
                <referencia>127095257</referencia>
                <precio>39,99€</precio>
                <unidades>1</unidades>
            </producto>
        </datos_Pedido>
    </pedido>

    <pedido>
        <numero>6</numero>
        <nombre>José Antonio</nombre>
        <apellido>Ures Teba</apellido>
        <telefono>678923403</telefono>
        <direccion>
            <calle>Calle Canelita</calle>
            <ciudad>Valdemoro</ciudad>
            <codigo_postal>28343</codigo_postal>
            <provincia>Madrid</provincia>
        </direccion>
        <email>Joseliko@gmail.com</email>
        <fecha_inclusion>
            <fecha>21 de Enero</fecha>
            <año>2013</año>
            <trimestre>1</trimestre>
        </fecha_inclusion>
        <datos_Pedido>
            <id_pedido>3NNZHKVTDCPXCH329JS7SA5NAC</id_pedido>
            <fecha_compra>16-01-2021</fecha_compra>
            <fecha_entrega>20-01-2021</fecha_entrega>
            <total_factura>24€</total_factura>
            <producto>
                <nombre_producto>Slip de baño verdes</nombre_producto>
                <referencia>127358735</referencia>
                <precio>20,99€</precio>
                <unidades>1</unidades>
            </producto>
        </datos_Pedido>
    </pedido>

    <pedido>
        <numero>7</numero>
        <nombre>Luís</nombre>
        <apellido>Caceres Reino</apellido>
        <telefono>678927778</telefono>
        <direccion>
            <calle>Calle Juan Suarez Carvajal</calle>
            <ciudad>Talavera de la Reina</ciudad>
            <codigo_postal>45600</codigo_postal>
            <provincia>Toledo</provincia>
        </direccion>
        <email>Luisca@gmail.com</email>
        <fecha_inclusion>
            <fecha>2 de Febrero</fecha>
            <año>2011</año>
            <trimestre>1</trimestre>
        </fecha_inclusion>
        <datos_Pedido>
            <id_pedido>4TZAF7FVWIBO7BSJ7PIB58JV7H</id_pedido>
            <fecha_compra>17-01-2021</fecha_compra>
            <fecha_entrega>25-01-2021</fecha_entrega>
            <total_factura>24€</total_factura>
            <producto>
                <nombre_producto>Gafas de sol negras</nombre_producto>
                <referencia>127118251</referencia>
                <precio>21,99€</precio>
                <unidades>1</unidades>
            </producto>
        </datos_Pedido>
    </pedido>

    <pedido>
        <numero>8</numero>
        <nombre>Carlos</nombre>
        <apellido>Moreno Moreno</apellido>
        <telefono>678933388</telefono>
        <direccion>
            <calle>Calle María Emperatriz</calle>
            <ciudad>Málaga</ciudad>
            <codigo_postal>29015</codigo_postal>
            <provincia>Málaga</provincia>
        </direccion>
        <email>Carlitos12@gmail.com</email>
        <fecha_inclusion>
            <fecha>23 de Marzo</fecha>
            <año>2018</año>
            <trimestre>1</trimestre>
        </fecha_inclusion>
        <datos_Pedido>
            <id_pedido>7LG4ZHAI0ZTOE3S4OOEPEQSB72</id_pedido>
            <fecha_compra>23-01-2021</fecha_compra>
            <fecha_entrega>27-01-2021</fecha_entrega>
            <total_factura>149€</total_factura>
            <producto>
                <nombre_producto>Camisa Oxford</nombre_producto>
                <referencia>127649449</referencia>
                <precio>149€</precio>
                <unidades>1</unidades>
            </producto>
        </datos_Pedido>
    </pedido>

    <pedido>
        <numero>9</numero>
        <nombre>Marta</nombre>
        <apellido>Gimenez Garzón</apellido>
        <telefono>678344104</telefono>
        <direccion>
            <calle>Calle Miguel de Cervantes</calle>
            <ciudad>Zaragoza</ciudad>
            <codigo_postal>50001</codigo_postal>
            <provincia>Zaragoza</provincia>
        </direccion>
        <email>Martica@gmail.com</email>
        <fecha_inclusion>
            <fecha>28 de Febrero</fecha>
            <año>2013</año>
            <trimestre>1</trimestre>
        </fecha_inclusion>
        <datos_Pedido>
            <id_pedido>BQTLMPI1L63KR2Y6MY3DEFIR6Z</id_pedido>
            <fecha_compra>12-02-2021</fecha_compra>
            <fecha_entrega>16-02-2021</fecha_entrega>
            <total_factura>55€</total_factura>
            <producto>
                <nombre_producto>Pantalones azules</nombre_producto>
                <referencia>125783632</referencia>
                <precio>42,99€</precio>
                <unidades>1</unidades>
            </producto>
        </datos_Pedido>
    </pedido>

    <pedido>
        <numero>10</numero>
        <nombre>José Alberto</nombre>
        <apellido>Morcillo Navarro</apellido>
        <telefono>633558790</telefono>
        <direccion>
            <calle>Calle Vinalopó</calle>
            <ciudad>Valencia</ciudad>
            <codigo_postal>46002</codigo_postal>
            <provincia>Valencia</provincia>
        </direccion>
        <email>Morcillo@gmail.com</email>
        <fecha_inclusion>
            <fecha>10 de Enero</fecha>
            <año>2017</año>
            <trimestre>1</trimestre>
        </fecha_inclusion>
        <datos_Pedido>
            <id_pedido>N2WH4YBES0U5N22SBMKBHUCVU5</id_pedido>
            <fecha_compra>19-03-2021</fecha_compra>
            <fecha_entrega>24-03-2021</fecha_entrega>
            <total_factura>87€</total_factura>
            <producto>
                <nombre_producto>Pantalones cargo verde</nombre_producto>
                <referencia>127821289</referencia>
                <precio>84,99€</precio>
                <unidades>1</unidades>
            </producto>
        </datos_Pedido>
    </pedido>

    <pedido>
        <numero>11</numero>
        <nombre>María Isabel</nombre>
        <apellido>López Dominguez</apellido>
        <telefono>633553222</telefono>
        <direccion>
            <calle>Calle Magricas</calle>
            <ciudad>Cartagena</ciudad>
            <codigo_postal>30203</codigo_postal>
            <provincia>Murcia</provincia>
        </direccion>
        <email>Marisa@gmail.com</email>
        <fecha_inclusion>
            <fecha>14 de Abril</fecha>
            <año>2020</año>
            <trimestre>2</trimestre>
        </fecha_inclusion>
        <datos_Pedido>
            <id_pedido>L1NXZPEFT4PNW80MSBJXMH128O</id_pedido>
            <fecha_compra>02-04-2021</fecha_compra>
            <fecha_entrega>06-04-2021</fecha_entrega>
            <total_factura>54€</total_factura>
            <producto>
                <nombre_producto>Zapatillas de deporte</nombre_producto>
                <referencia>127749883</referencia>
                <precio>50€</precio>
                <unidades>1</unidades>
            </producto>
        </datos_Pedido>
    </pedido>

    <pedido>
        <numero>12</numero>
        <nombre>Raúl</nombre>
        <apellido>López Martínez</apellido>
        <telefono>633000790</telefono>
        <direccion>
            <calle>Calle Mariscal</calle>
            <ciudad>Oviedo</ciudad>
            <codigo_postal>33003</codigo_postal>
            <provincia>Asturias</provincia>
        </direccion>
        <email>Rulo@gmail.com</email>
        <fecha_inclusion>
            <fecha>15 de Abril</fecha>
            <año>2019</año>
            <trimestre>2</trimestre>
        </fecha_inclusion>
        <datos_Pedido>
            <id_pedido>16VNCSNC0TUMEUVBJS84YHZ5YK</id_pedido>
            <fecha_compra>07-04-2021</fecha_compra>
            <fecha_entrega>10-04-2021</fecha_entrega>
            <total_factura>70€</total_factura>
            <producto>
                <nombre_producto>Chaqueta Bomber negra</nombre_producto>
                <referencia>122023635</referencia>
                <precio>66€</precio>
                <unidades>1</unidades>
            </producto>
        </datos_Pedido>
    </pedido>

    <pedido>
        <numero>13</numero>
        <nombre>Carla</nombre>
        <apellido>Del Pino Nebredo</apellido>
        <telefono>631102893</telefono>
        <direccion>
            <calle>Avenida de la Constitución</calle>
            <ciudad>Sevilla</ciudad>
            <codigo_postal>41001</codigo_postal>
            <provincia>Sevilla</provincia>
        </direccion>
        <email>Carla19PN@gmail.com</email>
        <fecha_inclusion>
            <fecha>21 de Mayo</fecha>
            <año>2011</año>
            <trimestre>2</trimestre>
        </fecha_inclusion>
        <datos_Pedido>
            <id_pedido>TEEZJCFFA7APWAM1OEZOAW5SVQ</id_pedido>
            <fecha_compra>13-04-2021</fecha_compra>
            <fecha_entrega>17-04-2021</fecha_entrega>
            <total_factura>60€</total_factura>
            <producto>
                <nombre_producto>Vestido con estampado de leopardo</nombre_producto>
                <referencia>128939387</referencia>
                <precio>56,99€</precio>
                <unidades>1</unidades>
            </producto>
        </datos_Pedido>
    </pedido>

    <pedido>
        <numero>14</numero>
        <nombre>Pilar</nombre>
        <apellido>Casillas Serrano</apellido>
        <telefono>690558790</telefono>
        <direccion>
            <calle>Plaza Olavide</calle>
            <ciudad>Mallorca</ciudad>
            <codigo_postal>07240</codigo_postal>
            <provincia>Baleares</provincia>
        </direccion>
        <email>Pili@gmail.com</email>
        <fecha_inclusion>
            <fecha>15 de Junio</fecha>
            <año>2020</año>
            <trimestre>2</trimestre>
        </fecha_inclusion>
        <datos_Pedido>
            <id_pedido>L1HV2LGCLSAYU6EQ31SS4TD4KK</id_pedido>
            <fecha_compra>17-04-2021</fecha_compra>
            <fecha_entrega>23-04-2021</fecha_entrega>
            <total_factura>225,99€</total_factura>
            <producto>
                <nombre_producto>Vestido de novia largo</nombre_producto>
                <referencia>123233698</referencia>
                <precio>225,99€</precio>
                <unidades>1</unidades>
            </producto>
        </datos_Pedido>
    </pedido>

    <pedido>
        <numero>15</numero>
        <nombre>Manuel</nombre>
        <apellido>Utrilla Dorado</apellido>
        <telefono>631116790</telefono>
        <direccion>
            <calle>Calle San Junto</calle>
            <ciudad>Cádiz</ciudad>
            <codigo_postal>11006</codigo_postal>
            <provincia>Cádiz</provincia>
        </direccion>
        <email>Manueh@gmail.com</email>
        <fecha_inclusion>
            <fecha>24 de Mayo</fecha>
            <año>2019</año>
            <trimestre>2</trimestre>
        </fecha_inclusion>
        <datos_Pedido>
            <id_pedido>F69Z9NXIXKVRPYAP4UX3O1TLUS</id_pedido>
            <fecha_compra>03-05-2021</fecha_compra>
            <fecha_entrega>06-05-2021</fecha_entrega>
            <total_factura>119€</total_factura>
            <producto>
                <nombre_producto>Shorts de baño</nombre_producto>
                <referencia>127653854</referencia>
                <precio>119€</precio>
                <unidades>1</unidades>
            </producto>
        </datos_Pedido>
    </pedido>

    <pedido>
        <numero>16</numero>
        <nombre>José Antonio</nombre>
        <apellido>Ures Teba</apellido>
        <telefono>678923403</telefono>
        <direccion>
            <calle>Calle Canelita</calle>
            <ciudad>Valdemoro</ciudad>
            <codigo_postal>28343</codigo_postal>
            <provincia>Madrid</provincia>
        </direccion>
        <email>Joseliko@gmail.com</email>
        <fecha_inclusion>
            <fecha>21 de Enero</fecha>
            <año>2013</año>
            <trimestre>2</trimestre>
        </fecha_inclusion>
        <datos_Pedido>
            <id_pedido>ODKW1HCJZN8XTB48IV5CLYY8BL</id_pedido>
            <fecha_compra>10-05-2021</fecha_compra>
            <fecha_entrega>14-05-2021</fecha_entrega>
            <total_factura>12€</total_factura>
            <producto>
                <nombre_producto>Calzoncillos rojos</nombre_producto>
                <referencia>122817519</referencia>
                <precio>07,99€</precio>
                <unidades>1</unidades>
            </producto>
        </datos_Pedido>
    </pedido>

    <pedido>
        <numero>17</numero>
        <nombre>Luís</nombre>
        <apellido>Caceres Reino</apellido>
        <telefono>678927778</telefono>
        <direccion>
            <calle>Calle Juan Suarez Carvajal</calle>
            <ciudad>Talavera de la Reina</ciudad>
            <codigo_postal>45600</codigo_postal>
            <provincia>Toledo</provincia>
        </direccion>
        <email>Luisca@gmail.com</email>
        <fecha_inclusion>
            <fecha>2 de Febrero</fecha>
            <año>2011</año>
            <trimestre>2</trimestre>
        </fecha_inclusion>
        <datos_Pedido>
            <id_pedido>38LTBDIX4O4AG8H7DQK62CLA3B</id_pedido>
            <fecha_compra>11-05-2021</fecha_compra>
            <fecha_entrega>15-05-2021</fecha_entrega>
            <total_factura>16€</total_factura>
            <producto>
                <nombre_producto>Camiseta azul marino</nombre_producto>
                <referencia>120626258</referencia>
                <precio>12,99€</precio>
                <unidades>1</unidades>
            </producto>
        </datos_Pedido>
    </pedido>

    <pedido>
        <numero>18</numero>
        <nombre>Carlos</nombre>
        <apellido>Moreno Moreno</apellido>
        <telefono>678933388</telefono>
        <direccion>
            <calle>Calle María Emperatriz</calle>
            <ciudad>Málaga</ciudad>
            <codigo_postal>29015</codigo_postal>
            <provincia>Málaga</provincia>
        </direccion>
        <email>Carlitos12@gmail.com</email>
        <fecha_inclusion>
            <fecha>23 de Marzo</fecha>
            <año>2018</año>
            <trimestre>2</trimestre>
        </fecha_inclusion>
        <datos_Pedido>
            <id_pedido>IZSLX3JRNWJ2XUM364B0091DQR</id_pedido>
            <fecha_compra>21-05-2021</fecha_compra>
            <fecha_entrega>28-05-2021</fecha_entrega>
            <total_factura>110€</total_factura>
            <producto>
                <nombre_producto>Zapatillas hi-top Converse</nombre_producto>
                <referencia>110658499</referencia>
                <precio>110€</precio>
                <unidades>1</unidades>
            </producto>
        </datos_Pedido>
    </pedido>

    <pedido>
        <numero>19</numero>
        <nombre>Marta</nombre>
        <apellido>Gimenez Garzón</apellido>
        <telefono>678344104</telefono>
        <direccion>
            <calle>Calle Miguel de Cervantes</calle>
            <ciudad>Zaragoza</ciudad>
            <codigo_postal>50001</codigo_postal>
            <provincia>Zaragoza</provincia>
        </direccion>
        <email>Martica@gmail.com</email>
        <fecha_inclusion>
            <fecha>28 de Febrero</fecha>
            <año>2013</año>
            <trimestre>2</trimestre>
        </fecha_inclusion>
        <datos_Pedido>
            <id_pedido>2XRF8CHEJ7K2P90P4URI1VWFI1</id_pedido>
            <fecha_compra>04-06-2021</fecha_compra>
            <fecha_entrega>09-06-2021</fecha_entrega>
            <total_factura>47€</total_factura>
            <producto>
                <nombre_producto>Vestido con diseño de corsé</nombre_producto>
                <referencia>122163344</referencia>
                <precio>43,99€</precio>
                <unidades>1</unidades>
            </producto>
        </datos_Pedido>
    </pedido>

    <pedido>
        <numero>20</numero>
        <nombre>José Alberto</nombre>
        <apellido>Morcillo Navarro</apellido>
        <telefono>633558790</telefono>
        <direccion>
            <calle>Calle Vinalopó</calle>
            <ciudad>Valencia</ciudad>
            <codigo_postal>46002</codigo_postal>
            <provincia>Valencia</provincia>
        </direccion>
        <email>Morcillo@gmail.com</email>
        <fecha_inclusion>
            <fecha>10 de Enero</fecha>
            <año>2017</año>
            <trimestre>2</trimestre>
        </fecha_inclusion>
        <datos_Pedido>
            <id_pedido>0VWJ1ISMEDQUBJIV0IUAZVVKCM</id_pedido>
            <fecha_compra>19-06-2021</fecha_compra>
            <fecha_entrega>24-06-2021</fecha_entrega>
            <total_factura>70€</total_factura>
            <producto>
                <nombre_producto>Chaqueta Bomber beis</nombre_producto>
                <referencia>119853354</referencia>
                <precio>66€</precio>
                <unidades>1</unidades>
            </producto>
        </datos_Pedido>
    </pedido>

    <pedido>
        <numero>21</numero>
        <nombre>Rodrigo</nombre>
        <apellido>Muriel Derecho</apellido>
        <telefono>633558888</telefono>
        <direccion>
            <calle>Calle Viñedo</calle>
            <ciudad>Jerez de la Frontera</ciudad>
            <codigo_postal>11407</codigo_postal>
            <provincia>Cádiz</provincia>
        </direccion>
        <email>Rodrigoes@gmail.com</email>
        <fecha_inclusion>
            <fecha>14 de Julio</fecha>
            <año>2017</año>
            <trimestre>3</trimestre>
        </fecha_inclusion>
        <datos_Pedido>
            <id_pedido>2JJN9IJMH0I0GZ9V7252T3UDXC</id_pedido>
            <fecha_compra>05-07-2021</fecha_compra>
            <fecha_entrega>09-07-2021</fecha_entrega>
            <total_factura>39€</total_factura>
            <producto>
                <nombre_producto>Pantalones Capri negros</nombre_producto>
                <referencia>120557636</referencia>
                <precio>35,95€</precio>
                <unidades>1</unidades>
            </producto>
        </datos_Pedido>
    </pedido>

    <pedido>
        <numero>22</numero>
        <nombre>Lucía</nombre>
        <apellido>Colmenero Rodríguez</apellido>
        <telefono>637778790</telefono>
        <direccion>
            <calle>Calle De la Gruya</calle>
            <ciudad>Teruel</ciudad>
            <codigo_postal>44001</codigo_postal>
            <provincia>Teruel</provincia>
        </direccion>
        <email>Lulupita@gmail.com</email>
        <fecha_inclusion>
            <fecha>17 de Julio</fecha>
            <año>2010</año>
            <trimestre>3</trimestre>
        </fecha_inclusion>
        <datos_Pedido>
            <id_pedido>ADYY7492I43ALRKBO68XV1CY0S</id_pedido>
            <fecha_compra>13-07-2021</fecha_compra>
            <fecha_entrega>17-07-2021</fecha_entrega>
            <total_factura>100€</total_factura>
            <producto>
                <nombre_producto>Vestido corto verde oliva</nombre_producto>
                <referencia>127414076</referencia>
                <precio>95,99€</precio>
                <unidades>1</unidades>
            </producto>
        </datos_Pedido>
    </pedido>

    <pedido>
        <numero>23</numero>
        <nombre>Rosa</nombre>
        <apellido>Navarro Cortijo</apellido>
        <telefono>631212790</telefono>
        <direccion>
            <calle>Calle Corinto</calle>
            <ciudad>Santander</ciudad>
            <codigo_postal>39002</codigo_postal>
            <provincia>Cantabria</provincia>
        </direccion>
        <email>Rosi@gmail.com</email>
        <fecha_inclusion>
            <fecha>23 de Julio</fecha>
            <año>2016</año>
            <trimestre>3</trimestre>
        </fecha_inclusion>
        <datos_Pedido>
            <id_pedido>QX2VF4KWBQF0V5NIYJ2PMB52A3</id_pedido>
            <fecha_compra>26-07-2021</fecha_compra>
            <fecha_entrega>30-07-2021</fecha_entrega>
            <total_factura>26€</total_factura>
            <producto>
                <nombre_producto>Jersey negro a rayas blancas</nombre_producto>
                <referencia>122798387</referencia>
                <precio>22,99€</precio>
                <unidades>1</unidades>
            </producto>
        </datos_Pedido>
    </pedido>

    <pedido>
        <numero>24</numero>
        <nombre>David</nombre>
        <apellido>Garzón De la Fuente</apellido>
        <telefono>633558990</telefono>
        <direccion>
            <calle>Calle del Carpintero</calle>
            <ciudad>Carrascalejo</ciudad>
            <codigo_postal>05580</codigo_postal>
            <provincia>Ávila</provincia>
        </direccion>
        <email>Davidd2@gmail.com</email>
        <fecha_inclusion>
            <fecha>7 de Agosto</fecha>
            <año>2020</año>
            <trimestre>3</trimestre>
        </fecha_inclusion>
        <datos_Pedido>
            <id_pedido>QDI4JE8D8R2C0O0OPBWGZIV7FS</id_pedido>
            <fecha_compra>05-08-2021</fecha_compra>
            <fecha_entrega>08-08-2021</fecha_entrega>
            <total_factura>119€</total_factura>
            <producto>
                <nombre_producto>Mochila negra</nombre_producto>
                <referencia>126008784</referencia>
                <precio>119€</precio>
                <unidades>1</unidades>
            </producto>
        </datos_Pedido>
    </pedido>

    <pedido>
        <numero>25</numero>
        <nombre>Abril</nombre>
        <apellido>Del Prado Ayllón</apellido>
        <telefono>633203900</telefono>
        <direccion>
            <calle>Calle Verdíz</calle>
            <ciudad>Soria</ciudad>
            <codigo_postal>42005</codigo_postal>
            <provincia>Soria</provincia>
        </direccion>
        <email>Abril@gmail.com</email>
        <fecha_inclusion>
            <fecha>12 de Agosto</fecha>
            <año>2020</año>
            <trimestre>3</trimestre>
        </fecha_inclusion>
        <datos_Pedido>
            <id_pedido>L6QJM6Z0KHWUE4XJRJ50CYYHSE</id_pedido>
            <fecha_compra>08-08-2021</fecha_compra>
            <fecha_entrega>12-08-2021</fecha_entrega>
            <total_factura>40€</total_factura>
            <producto>
                <nombre_producto>Body rosa de encaje</nombre_producto>
                <referencia>125804423</referencia>
                <precio>36,99€</precio>
                <unidades>1</unidades>
            </producto>
        </datos_Pedido>
    </pedido>

    <pedido>
        <numero>26</numero>
        <nombre>José Antonio</nombre>
        <apellido>Ures Teba</apellido>
        <telefono>678923403</telefono>
        <direccion>
            <calle>Calle Canelita</calle>
            <ciudad>Valdemoro</ciudad>
            <codigo_postal>28343</codigo_postal>
            <provincia>Madrid</provincia>
        </direccion>
        <email>Joseliko@gmail.com</email>
        <fecha_inclusion>
            <fecha>21 de Enero</fecha>
            <año>2013</año>
            <trimestre>3</trimestre>
        </fecha_inclusion>
        <datos_Pedido>
            <id_pedido>H91NEW99SK558IWX3RIKT50TOT</id_pedido>
            <fecha_compra>14-08-2021</fecha_compra>
            <fecha_entrega>18-08-2021</fecha_entrega>
            <total_factura>60€</total_factura>
            <producto>
                <nombre_producto>Chaqueta de vestir corta marrón</nombre_producto>
                <referencia>122902342</referencia>
                <precio>56,99€</precio>
                <unidades>1</unidades>
            </producto>
        </datos_Pedido>
    </pedido>

    <pedido>
        <numero>27</numero>
        <nombre>Luís</nombre>
        <apellido>Caceres Reino</apellido>
        <telefono>678927778</telefono>
        <direccion>
            <calle>Calle Juan Suarez Carvajal</calle>
            <ciudad>Talavera de la Reina</ciudad>
            <codigo_postal>45600</codigo_postal>
            <provincia>Toledo</provincia>
        </direccion>
        <email>Luisca@gmail.com</email>
        <fecha_inclusion>
            <fecha>2 de Febrero</fecha>
            <año>2011</año>
            <trimestre>3</trimestre>
        </fecha_inclusion>
        <datos_Pedido>
            <id_pedido>Y46SPVM6HMJRSIYV4KUBLFD7L2</id_pedido>
            <fecha_compra>22-08-2021</fecha_compra>
            <fecha_entrega>26-08-2021</fecha_entrega>
            <total_factura>130€</total_factura>
            <producto>
                <nombre_producto>Sudadera negra con capucha</nombre_producto>
                <referencia>127208535</referencia>
                <precio>130€</precio>
                <unidades>1</unidades>
            </producto>
        </datos_Pedido>
    </pedido>

    <pedido>
        <numero>28</numero>
        <nombre>Carlos</nombre>
        <apellido>Moreno Moreno</apellido>
        <telefono>678933388</telefono>
        <direccion>
            <calle>Calle María Emperatriz</calle>
            <ciudad>Málaga</ciudad>
            <codigo_postal>29015</codigo_postal>
            <provincia>Málaga</provincia>
        </direccion>
        <email>Carlitos12@gmail.com</email>
        <fecha_inclusion>
            <fecha>23 de Marzo</fecha>
            <año>2018</año>
            <trimestre>3</trimestre>
        </fecha_inclusion>
        <datos_Pedido>
            <id_pedido>YTVGV84YEOLGILBBHK93X8ZY6C</id_pedido>
            <fecha_compra>28-08-2021</fecha_compra>
            <fecha_entrega>02-09-2021</fecha_entrega>
            <total_factura>24€</total_factura>
            <producto>
                <nombre_producto>Bálsamo Wonder</nombre_producto>
                <referencia>1555438</referencia>
                <precio>10,49€</precio>
                <unidades>2</unidades>
            </producto>
        </datos_Pedido>
    </pedido>

    <pedido>
        <numero>29</numero>
        <nombre>Marta</nombre>
        <apellido>Gimenez Garzón</apellido>
        <telefono>678344104</telefono>
        <direccion>
            <calle>Calle Miguel de Cervantes</calle>
            <ciudad>Zaragoza</ciudad>
            <codigo_postal>50001</codigo_postal>
            <provincia>Zaragoza</provincia>
        </direccion>
        <email>Martica@gmail.com</email>
        <fecha_inclusion>
            <fecha>28 de Febrero</fecha>
            <año>2013</año>
            <trimestre>3</trimestre>
        </fecha_inclusion>
        <datos_Pedido>
            <id_pedido>C5X50JZWICV5C5EZ0XB8P10ARE</id_pedido>
            <fecha_compra>08-09-2021</fecha_compra>
            <fecha_entrega>12-09-2021</fecha_entrega>
            <total_factura>84€</total_factura>
            <producto>
                <nombre_producto>Sudadera negra de Felpa</nombre_producto>
                <referencia>118896836</referencia>
                <precio>79,99€</precio>
                <unidades>1</unidades>
            </producto>
        </datos_Pedido>
    </pedido>

    <pedido>
        <numero>30</numero>
        <nombre>José Alberto</nombre>
        <apellido>Morcillo Navarro</apellido>
        <telefono>633558790</telefono>
        <direccion>
            <calle>Calle Vinalopó</calle>
            <ciudad>Valencia</ciudad>
            <codigo_postal>46002</codigo_postal>
            <provincia>Valencia</provincia>
        </direccion>
        <email>Morcillo@gmail.com</email>
        <fecha_inclusion>
            <fecha>10 de Enero</fecha>
            <año>2017</año>
            <trimestre>3</trimestre>
        </fecha_inclusion>
        <datos_Pedido>
            <id_pedido>9YXA51T9HGAOM9MVW8QCIKZGHU</id_pedido>
            <fecha_compra>15-09-2021</fecha_compra>
            <fecha_entrega>20-09-2021</fecha_entrega>
            <total_factura>47€</total_factura>
            <producto>
                <nombre_producto>Pendientes de aro</nombre_producto>
                <referencia>1847203</referencia>
                <precio>10,99€</precio>
                <unidades>4</unidades>
            </producto>
        </datos_Pedido>
    </pedido>

    <pedido>
        <numero>31</numero>
        <nombre>Nuria</nombre>
        <apellido>Corrochano Olmedo</apellido>
        <telefono>633558550</telefono>
        <direccion>
            <calle>Calle San Francisco</calle>
            <ciudad>Lepe</ciudad>
            <codigo_postal>21440</codigo_postal>
            <provincia>Huelva</provincia>
        </direccion>
        <email>Nuri@gmail.com</email>
        <fecha_inclusion>
            <fecha>12 de Octubre</fecha>
            <año>2009</año>
            <trimestre>4</trimestre>
        </fecha_inclusion>
        <datos_Pedido>
            <id_pedido>U1TC50RLLDAZ2MWT1LZ2C7DC4D</id_pedido>
            <fecha_compra>02-10-2021</fecha_compra>
            <fecha_entrega>05-10-2021</fecha_entrega>
            <total_factura>18€</total_factura>
            <producto>
                <nombre_producto>Braguitas de bikini blancas</nombre_producto>
                <referencia>121970429</referencia>
                <precio>15,99€</precio>
                <unidades>1</unidades>
            </producto>
        </datos_Pedido>
    </pedido>

    <pedido>
        <numero>32</numero>
        <nombre>Nerea</nombre>
        <apellido>Cabrera Gómez</apellido>
        <telefono>633558888</telefono>
        <direccion>
            <calle>Calle Ramiro</calle>
            <ciudad>Lugo</ciudad>
            <codigo_postal>27001</codigo_postal>
            <provincia>Lugo</provincia>
        </direccion>
        <email>Nere1999@gmail.com</email>
        <fecha_inclusion>
            <fecha>21 de Octubre</fecha>
            <año>2015</año>
            <trimestre>4</trimestre>
        </fecha_inclusion>
        <datos_Pedido>
            <id_pedido>WKXYHAICAYPDC41LKGCE9EG7BM</id_pedido>
            <fecha_compra>12-10-2021</fecha_compra>
            <fecha_entrega>16-10-2021</fecha_entrega>
            <total_factura>160€</total_factura>
            <producto>
                <nombre_producto>Chaqueta de plumón larga</nombre_producto>
                <referencia>118736515</referencia>
                <precio>160€</precio>
                <unidades>1</unidades>
            </producto>
        </datos_Pedido>
    </pedido>

    <pedido>
        <numero>33</numero>
        <nombre>Yago</nombre>
        <apellido>Fernández Fernández</apellido>
        <telefono>633630790</telefono>
        <direccion>
            <calle>Plaza Lisboa</calle>
            <ciudad>León</ciudad>
            <codigo_postal>24002</codigo_postal>
            <provincia>León</provincia>
        </direccion>
        <email>Catalaola@gmail.com</email>
        <fecha_inclusion>
            <fecha>25 de Octubre</fecha>
            <año>2017</año>
            <trimestre>4</trimestre>
        </fecha_inclusion>
        <datos_Pedido>
            <id_pedido>DIOMXEFN7312KYNC9XVQJE4RN1</id_pedido>
            <fecha_compra>17-10-2021</fecha_compra>
            <fecha_entrega>21-10-2021</fecha_entrega>
            <total_factura>339€</total_factura>
            <producto>
                <nombre_producto>Chaqueta vaquera negra</nombre_producto>
                <referencia>121933770</referencia>
                <precio>339€</precio>
                <unidades>1</unidades>
            </producto>
        </datos_Pedido>
    </pedido>

    <pedido>
        <numero>34</numero>
        <nombre>Antonio</nombre>
        <apellido>Márquez González</apellido>
        <telefono>678558790</telefono>
        <direccion>
            <calle>Calle Olavide</calle>
            <ciudad>Alicante</ciudad>
            <codigo_postal>03004</codigo_postal>
            <provincia>Alicante</provincia>
        </direccion>
        <email>Antony@gmail.com</email>
        <fecha_inclusion>
            <fecha>01 de Noviembre</fecha>
            <año>2014</año>
            <trimestre>4</trimestre>
        </fecha_inclusion>
        <datos_Pedido>
            <id_pedido>9LTYKM1G74ZU6848JMFULCHPTG</id_pedido>
            <fecha_compra>26-10-2021</fecha_compra>
            <fecha_entrega>30-10-2021</fecha_entrega>
            <total_factura>29€</total_factura>
            <producto>
                <nombre_producto>Pack de dos pares de calcetines</nombre_producto>
                <referencia>123819012</referencia>
                <precio>12,99€</precio>
                <unidades>2</unidades>
            </producto>
        </datos_Pedido>
    </pedido>

    <pedido>
        <numero>35</numero>
        <nombre>Rocío</nombre>
        <apellido>Ortiz Castillo</apellido>
        <telefono>633558333</telefono>
        <direccion>
            <calle>Calle Isabel Segunda</calle>
            <ciudad>Orgaz</ciudad>
            <codigo_postal>45450</codigo_postal>
            <provincia>Toledo</provincia>
        </direccion>
        <email>Ror0@gmail.com</email>
        <fecha_inclusion>
            <fecha>13 de Noviembre</fecha>
            <año>2018</año>
            <trimestre>4</trimestre>
        </fecha_inclusion>
        <datos_Pedido>
            <id_pedido>B5AVWEBH1HP4NT7HWMKLD9NA76</id_pedido>
            <fecha_compra>02-11-2021</fecha_compra>
            <fecha_entrega>06-11-2021</fecha_entrega>
            <total_factura>50€</total_factura>
            <producto>
                <nombre_producto>Vestido midi color terracota</nombre_producto>
                <referencia>123958351</referencia>
                <precio>46,99€</precio>
                <unidades>1</unidades>
            </producto>
        </datos_Pedido>
    </pedido>

    <pedido>
        <numero>36</numero>
        <nombre>José Antonio</nombre>
        <apellido>Ures Teba</apellido>
        <telefono>678923403</telefono>
        <direccion>
            <calle>Calle Canelita</calle>
            <ciudad>Valdemoro</ciudad>
            <codigo_postal>28343</codigo_postal>
            <provincia>Madrid</provincia>
        </direccion>
        <email>Joseliko@gmail.com</email>
        <fecha_inclusion>
            <fecha>21 de Enero</fecha>
            <año>2013</año>
            <trimestre>4</trimestre>
        </fecha_inclusion>
        <datos_Pedido>
            <id_pedido>3U3DSAV3ZNWXOZDMAWCEKAUJ41</id_pedido>
            <fecha_compra>08-11-2021</fecha_compra>
            <fecha_entrega>14-11-2021</fecha_entrega>
            <total_factura>40€</total_factura>
            <producto>
                <nombre_producto>Top estampado con cordón fruncido y lazada</nombre_producto>
                <referencia>121529969</referencia>
                <precio>35,95€</precio>
                <unidades>1</unidades>
            </producto>
        </datos_Pedido>
    </pedido>

    <pedido>
        <numero>37</numero>
        <nombre>Luís</nombre>
        <apellido>Caceres Reino</apellido>
        <telefono>678927778</telefono>
        <direccion>
            <calle>Calle Juan Suarez Carvajal</calle>
            <ciudad>Talavera de la Reina</ciudad>
            <codigo_postal>45600</codigo_postal>
            <provincia>Toledo</provincia>
        </direccion>
        <email>Luisca@gmail.com</email>
        <fecha_inclusion>
            <fecha>2 de Febrero</fecha>
            <año>2011</año>
            <trimestre>4</trimestre>
        </fecha_inclusion>
        <datos_Pedido>
            <id_pedido>ENNL6DCCG1OPF8SD4SJ0K1PMS6</id_pedido>
            <fecha_compra>16-11-2021</fecha_compra>
            <fecha_entrega>20-11-2021</fecha_entrega>
            <total_factura>41€</total_factura>
            <producto>
                <nombre_producto>Joggers blanco hueso extragrandes</nombre_producto>
                <referencia>124268384</referencia>
                <precio>37,99€</precio>
                <unidades>1</unidades>
            </producto>
        </datos_Pedido>
    </pedido>

    <pedido>
        <numero>38</numero>
        <nombre>Carlos</nombre>
        <apellido>Moreno Moreno</apellido>
        <telefono>678933388</telefono>
        <direccion>
            <calle>Calle María Emperatriz</calle>
            <ciudad>Málaga</ciudad>
            <codigo_postal>29015</codigo_postal>
            <provincia>Málaga</provincia>
        </direccion>
        <email>Carlitos12@gmail.com</email>
        <fecha_inclusion>
            <fecha>23 de Marzo</fecha>
            <año>2018</año>
            <trimestre>4</trimestre>
        </fecha_inclusion>
        <datos_Pedido>
            <id_pedido>LL9Z9FSHWK417EJ5W207ZV180U</id_pedido>
            <fecha_compra>27-11-2021</fecha_compra>
            <fecha_entrega>02-12-2021</fecha_entrega>
            <total_factura>42€</total_factura>
            <producto>
                <nombre_producto>Jersey blanco y verde con solapas de punto calado</nombre_producto>
                <referencia>121854134</referencia>
                <precio>38,95€</precio>
                <unidades>1</unidades>
            </producto>
        </datos_Pedido>
    </pedido>

    <pedido>
        <numero>39</numero>
        <nombre>Marta</nombre>
        <apellido>Gimenez Garzón</apellido>
        <telefono>678344104</telefono>
        <direccion>
            <calle>Calle Miguel de Cervantes</calle>
            <ciudad>Zaragoza</ciudad>
            <codigo_postal>50001</codigo_postal>
            <provincia>Zaragoza</provincia>
        </direccion>
        <email>Martica@gmail.com</email>
        <fecha_inclusion>
            <fecha>28 de Febrero</fecha>
            <año>2013</año>
            <trimestre>4</trimestre>
        </fecha_inclusion>
        <datos_Pedido>
            <id_pedido>P47PS1P94B4XVMUSE2YFUYSZ0A</id_pedido>
            <fecha_compra>10-12-2021</fecha_compra>
            <fecha_entrega>15-12-2021</fecha_entrega>
            <total_factura>30€</total_factura>
            <producto>
                <nombre_producto>Collar plateado de largo medio con colgante de corazón pulido</nombre_producto>
                <referencia>126348553</referencia>
                <precio>8,49€</precio>
                <unidades>3</unidades>
            </producto>
        </datos_Pedido>
    </pedido>

    <pedido>
        <numero>40</numero>
        <nombre>José Alberto</nombre>
        <apellido>Morcillo Navarro</apellido>
        <telefono>633558790</telefono>
        <direccion>
            <calle>Calle Vinalopó</calle>
            <ciudad>Valencia</ciudad>
            <codigo_postal>46002</codigo_postal>
            <provincia>Valencia</provincia>
        </direccion>
        <email>Morcillo@gmail.com</email>
        <fecha_inclusion>
            <fecha>10 de Enero</fecha>
            <año>2017</año>
            <trimestre>4</trimestre>
        </fecha_inclusion>
        <datos_Pedido>
            <id_pedido>IIPKDAY7SJYDEUW51H9XJGKGSK</id_pedido>
            <fecha_compra>19-12-2021</fecha_compra>
            <fecha_entrega>24-12-2021</fecha_entrega>
            <total_factura>27€</total_factura>
            <producto>
                <nombre_producto>Sombrero Fedora color arena</nombre_producto>
                <referencia>123000448</referencia>
                <precio>23,99€</precio>
                <unidades>1</unidades>
            </producto>
        </datos_Pedido>
    </pedido>

    <pedido>
        <numero>41</numero>
        <nombre>Roberto</nombre>
        <apellido>Del Rosario Calero</apellido>
        <telefono>678222204</telefono>
        <direccion>
            <calle>Calle Montoya</calle>
            <ciudad>Barco de Valdeorras</ciudad>
            <codigo_postal>32300</codigo_postal>
            <provincia>Ourense</provincia>
        </direccion>
        <email>Robert@gmail.com</email>
        <fecha_inclusion>
            <fecha>1 de Enero</fecha>
            <año>2013</año>
            <trimestre>5</trimestre>
        </fecha_inclusion>
        <datos_Pedido>
            <id_pedido>GDA8B2C5B7BU800HHLUF75SURD</id_pedido>
            <fecha_compra>02-01-2022</fecha_compra>
            <fecha_entrega>06-01-2022</fecha_entrega>
            <total_factura>53€</total_factura>
            <producto>
                <nombre_producto>Camisa caqui</nombre_producto>
                <referencia>127118251</referencia>
                <precio>41,99€</precio>
                <unidades>1</unidades>
            </producto>
        </datos_Pedido>
    </pedido>

    <pedido>
        <numero>42</numero>
        <nombre>María</nombre>
        <apellido>Carrillo González</apellido>
        <telefono>670010047</telefono>
        <direccion>
            <calle>Calle Calera</calle>
            <ciudad>Bilbao</ciudad>
            <codigo_postal>48005</codigo_postal>
            <provincia>Vizkaya</provincia>
        </direccion>
        <email>Mariloca@gmail.com</email>
        <fecha_inclusion>
            <fecha>7 de Febrero</fecha>
            <año>2016</año>
            <trimestre>5</trimestre>
        </fecha_inclusion>
        <datos_Pedido>
            <id_pedido>NRJZUSXYOZY60UV5R71L0VGFF1</id_pedido>
            <fecha_compra>07-01-2022</fecha_compra>
            <fecha_entrega>11-01-2022</fecha_entrega>
            <total_factura>50€</total_factura>
            <producto>
                <nombre_producto>Mono negro</nombre_producto>
                <referencia>122898371</referencia>
                <precio>45€</precio>
                <unidades>1</unidades>
            </producto>
        </datos_Pedido>
    </pedido>
    
    <pedido>
        <numero>43</numero>
        <nombre>Allam</nombre>
        <apellido>López Sánchez</apellido>
        <telefono>676800100</telefono>
        <direccion>
            <calle>Calle De la Hera</calle>
            <ciudad>Cáceres</ciudad>
            <codigo_postal>10004</codigo_postal>
            <provincia>Cáceres</provincia>
        </direccion>
        <email>Allam789@gmail.com</email>
        <fecha_inclusion>
            <fecha>19 de Enero</fecha>
            <año>2020</año>
            <trimestre>5</trimestre>
        </fecha_inclusion>
        <datos_Pedido>
            <id_pedido>V241D8YL4GCBM6WVCMUVBBBXN5</id_pedido>
            <fecha_compra>06-01-2022</fecha_compra>
            <fecha_entrega>12-01-2022</fecha_entrega>
            <total_factura>40€</total_factura>
            <producto>
                <nombre_producto>Camiseta negra Marvel</nombre_producto>
                <referencia>127403523</referencia>
                <precio>32,99€</precio>
                <unidades>1</unidades>
            </producto>
        </datos_Pedido>
    </pedido>

    <pedido>
        <numero>44</numero>
        <nombre>Carol</nombre>
        <apellido>Giménez López</apellido>
        <telefono>689411022</telefono>
        <direccion>
            <calle>Avenida De Europa</calle>
            <ciudad>Cartagena</ciudad>
            <codigo_postal>30203</codigo_postal>
            <provincia>Murcia</provincia>
        </direccion>
        <email>Carolita@gmail.com</email>
        <fecha_inclusion>
            <fecha>7 de Marzo</fecha>
            <año>2019</año>
            <trimestre>5</trimestre>
        </fecha_inclusion>
        <datos_Pedido>
            <id_pedido>SOZYMR6YEXWGZKPPBWBPOKQDPJ</id_pedido>
            <fecha_compra>12-01-2022</fecha_compra>
            <fecha_entrega>16-01-2022</fecha_entrega>
            <total_factura>40€</total_factura>
            <producto>
                <nombre_producto>Sombrero Fedora negro</nombre_producto>
                <referencia>126649507</referencia>
                <precio>35,99€</precio>
                <unidades>1</unidades>
            </producto>
        </datos_Pedido>
    </pedido>

    <pedido>
        <numero>45</numero>
        <nombre>Rosa</nombre>
        <apellido>Fernández Domínguez</apellido>
        <telefono>678955400</telefono>
        <direccion>
            <calle>Calle Toro</calle>
            <ciudad>Salamanca</ciudad>
            <codigo_postal>37001</codigo_postal>
            <provincia>Salamanca</provincia>
        </direccion>
        <email>Rosi@gmail.com</email>
        <fecha_inclusion>
            <fecha>12 de Febrero</fecha>
            <año>2012</año>
            <trimestre>5</trimestre>
        </fecha_inclusion>
        <datos_Pedido>
            <id_pedido>SZODXKNSYCJ6FSMIGYBT1930PV</id_pedido>
            <fecha_compra>13-01-2022</fecha_compra>
            <fecha_entrega>16-01-2022</fecha_entrega>
            <total_factura>43€</total_factura>
            <producto>
                <nombre_producto>Top negro</nombre_producto>
                <referencia>127095257</referencia>
                <precio>39,99€</precio>
                <unidades>1</unidades>
            </producto>
        </datos_Pedido>
    </pedido>

    <pedido>
        <numero>46</numero>
        <nombre>José Antonio</nombre>
        <apellido>Ures Teba</apellido>
        <telefono>678923403</telefono>
        <direccion>
            <calle>Calle Canelita</calle>
            <ciudad>Valdemoro</ciudad>
            <codigo_postal>28343</codigo_postal>
            <provincia>Madrid</provincia>
        </direccion>
        <email>Joseliko@gmail.com</email>
        <fecha_inclusion>
            <fecha>21 de Enero</fecha>
            <año>2013</año>
            <trimestre>5</trimestre>
        </fecha_inclusion>
        <datos_Pedido>
            <id_pedido>RUTSVNOILRZDUHD6AP9FEXRN9Q</id_pedido>
            <fecha_compra>16-01-2022</fecha_compra>
            <fecha_entrega>20-01-2022</fecha_entrega>
            <total_factura>33€</total_factura>
            <producto>
                <nombre_producto>Camiseta azul</nombre_producto>
                <referencia>127379060</referencia>
                <precio>29,90€</precio>
                <unidades>1</unidades>
            </producto>
        </datos_Pedido>
    </pedido>

    <pedido>
        <numero>47</numero>
        <nombre>Luís</nombre>
        <apellido>Caceres Reino</apellido>
        <telefono>678927778</telefono>
        <direccion>
            <calle>Calle Juan Suarez Carvajal</calle>
            <ciudad>Talavera de la Reina</ciudad>
            <codigo_postal>45600</codigo_postal>
            <provincia>Toledo</provincia>
        </direccion>
        <email>Luisca@gmail.com</email>
        <fecha_inclusion>
            <fecha>2 de Febrero</fecha>
            <año>2011</año>
            <trimestre>5</trimestre>
        </fecha_inclusion>
        <datos_Pedido>
            <id_pedido>SMNNANZDPNN9ZKTMAUSAQR2SQJ</id_pedido>
            <fecha_compra>17-01-2022</fecha_compra>
            <fecha_entrega>25-01-2022</fecha_entrega>
            <total_factura>22€</total_factura>
            <producto>
                <nombre_producto>Camiseta blanca</nombre_producto>
                <referencia>127219354</referencia>
                <precio>17,95€</precio>
                <unidades>1</unidades>
            </producto>
        </datos_Pedido>
    </pedido>

    <pedido>
        <numero>48</numero>
        <nombre>Carlos</nombre>
        <apellido>Moreno Moreno</apellido>
        <telefono>678933388</telefono>
        <direccion>
            <calle>Calle María Emperatriz</calle>
            <ciudad>Málaga</ciudad>
            <codigo_postal>29015</codigo_postal>
            <provincia>Málaga</provincia>
        </direccion>
        <email>Carlitos12@gmail.com</email>
        <fecha_inclusion>
            <fecha>23 de Marzo</fecha>
            <año>2018</año>
            <trimestre>5</trimestre>
        </fecha_inclusion>
        <datos_Pedido>
            <id_pedido>9ZY29APPRA4C94QD988ZPCROAC</id_pedido>
            <fecha_compra>23-01-2022</fecha_compra>
            <fecha_entrega>27-01-2022</fecha_entrega>
            <total_factura>69€</total_factura>
            <producto>
                <nombre_producto>Camiseta azul marino</nombre_producto>
                <referencia>126393596</referencia>
                <precio>65€</precio>
                <unidades>1</unidades>
            </producto>
        </datos_Pedido>
    </pedido>

    <pedido>
        <numero>49</numero>
        <nombre>Marta</nombre>
        <apellido>Gimenez Garzón</apellido>
        <telefono>678344104</telefono>
        <direccion>
            <calle>Calle Miguel de Cervantes</calle>
            <ciudad>Zaragoza</ciudad>
            <codigo_postal>50001</codigo_postal>
            <provincia>Zaragoza</provincia>
        </direccion>
        <email>Martica@gmail.com</email>
        <fecha_inclusion>
            <fecha>28 de Febrero</fecha>
            <año>2013</año>
            <trimestre>5</trimestre>
        </fecha_inclusion>
        <datos_Pedido>
            <id_pedido>HYXGR1VYTO9EVXUV1I0658VRWQ</id_pedido>
            <fecha_compra>12-02-2022</fecha_compra>
            <fecha_entrega>16-02-2022</fecha_entrega>
            <total_factura>41€</total_factura>
            <producto>
                <nombre_producto>Falda midi negra fruncida de malla</nombre_producto>
                <referencia>126773764</referencia>
                <precio>37,99€</precio>
                <unidades>1</unidades>
            </producto>
        </datos_Pedido>
    </pedido>

    <pedido>
        <numero>50</numero>
        <nombre>José Alberto</nombre>
        <apellido>Morcillo Navarro</apellido>
        <telefono>633558790</telefono>
        <direccion>
            <calle>Calle Vinalopó</calle>
            <ciudad>Valencia</ciudad>
            <codigo_postal>46002</codigo_postal>
            <provincia>Valencia</provincia>
        </direccion>
        <email>Morcillo@gmail.com</email>
        <fecha_inclusion>
            <fecha>10 de Enero</fecha>
            <año>2017</año>
            <trimestre>5</trimestre>
        </fecha_inclusion>
        <datos_Pedido>
            <id_pedido>FUYL9OXANFWXETJLV75ZNQI737</id_pedido>
            <fecha_compra>19-03-2022</fecha_compra>
            <fecha_entrega>24-03-2022</fecha_entrega>
            <total_factura>53€</total_factura>
            <producto>
                <nombre_producto>Pantalones color piedra estilo carpintero</nombre_producto>
                <referencia>128804683</referencia>
                <precio>48,99€</precio>
                <unidades>1</unidades>
            </producto>
        </datos_Pedido>
    </pedido>

    <pedido>
        <numero>51</numero>
        <nombre>Isabel</nombre>
        <apellido>Sánchez Del Olmo</apellido>
        <telefono>634443222</telefono>
        <direccion>
            <calle>Calle De la Onza</calle>
            <ciudad>Huesca</ciudad>
            <codigo_postal>22005</codigo_postal>
            <provincia>Huesca</provincia>
        </direccion>
        <email>Isabelita@gmail.com</email>
        <fecha_inclusion>
            <fecha>5 de Abril</fecha>
            <año>2007</año>
            <trimestre>6</trimestre>
        </fecha_inclusion>
        <datos_Pedido>
            <id_pedido>SWRNZI5TDKQCZZQCW2WNS9Z8BL</id_pedido>
            <fecha_compra>02-04-2022</fecha_compra>
            <fecha_entrega>06-04-2022</fecha_entrega>
            <total_factura>54€</total_factura>
            <producto>
                <nombre_producto>Zapatillas de deporte</nombre_producto>
                <referencia>127749883</referencia>
                <precio>50€</precio>
                <unidades>1</unidades>
            </producto>
        </datos_Pedido>
    </pedido>

    <pedido>
        <numero>52</numero>
        <nombre>Iván</nombre>
        <apellido>González Del Prado</apellido>
        <telefono>647092555</telefono>
        <direccion>
            <calle>Calle Juan Suárez Carvajal</calle>
            <ciudad>Talavera De La Reina</ciudad>
            <codigo_postal>45600</codigo_postal>
            <provincia>Toledo</provincia>
        </direccion>
        <email>ivanico@gmail.com</email>
        <fecha_inclusion>
            <fecha>28 de Mayo</fecha>
            <año>2013</año>
            <trimestre>6</trimestre>
        </fecha_inclusion>
        <datos_Pedido>
            <id_pedido>S8VOXVNP5GPT7XDWF2C859FABH</id_pedido>
            <fecha_compra>07-04-2022</fecha_compra>
            <fecha_entrega>10-04-2022</fecha_entrega>
            <total_factura>70€</total_factura>
            <producto>
                <nombre_producto>Chaqueta Bomber negra</nombre_producto>
                <referencia>122023635</referencia>
                <precio>66€</precio>
                <unidades>1</unidades>
            </producto>
        </datos_Pedido>
    </pedido>

    <pedido>
        <numero>53</numero>
        <nombre>Julia</nombre>
        <apellido>Encinas Tabasco</apellido>
        <telefono>631102783</telefono>
        <direccion>
            <calle>Calle Lola Flores</calle>
            <ciudad>Córdoba</ciudad>
            <codigo_postal>14009</codigo_postal>
            <provincia>Córdoba</provincia>
        </direccion>
        <email>Julius@gmail.com</email>
        <fecha_inclusion>
            <fecha>30 de Mayo</fecha>
            <año>2014</año>
            <trimestre>6</trimestre>
        </fecha_inclusion>
        <datos_Pedido>
            <id_pedido>Y2PQ9NVZLYX8NYH95WJ1NTC1Y6</id_pedido>
            <fecha_compra>13-04-2022</fecha_compra>
            <fecha_entrega>17-04-2022</fecha_entrega>
            <total_factura>60€</total_factura>
            <producto>
                <nombre_producto>Vestido con estampado de leopardo</nombre_producto>
                <referencia>128939387</referencia>
                <precio>56,99€</precio>
                <unidades>1</unidades>
            </producto>
        </datos_Pedido>
    </pedido>

    <pedido>
        <numero>54</numero>
        <nombre>Lucía</nombre>
        <apellido>Delgado Torija</apellido>
        <telefono>690009790</telefono>
        <direccion>
            <calle>Calle Gran Vía</calle>
            <ciudad>Cuenca</ciudad>
            <codigo_postal>16002</codigo_postal>
            <provincia>Cuenca</provincia>
        </direccion>
        <email>Lupita99@gmail.com</email>
        <fecha_inclusion>
            <fecha>10 de Junio</fecha>
            <año>2020</año>
            <trimestre>6</trimestre>
        </fecha_inclusion>
        <datos_Pedido>
            <id_pedido>ARUTV000YAJXJLIC6VUF8POLO3</id_pedido>
            <fecha_compra>17-04-2022</fecha_compra>
            <fecha_entrega>23-04-2022</fecha_entrega>
            <total_factura>225,99€</total_factura>
            <producto>
                <nombre_producto>Vestido de novia largo</nombre_producto>
                <referencia>123233698</referencia>
                <precio>225,99€</precio>
                <unidades>1</unidades>
            </producto>
        </datos_Pedido>
    </pedido>

    <pedido>
        <numero>55</numero>
        <nombre>Juán Carlos</nombre>
        <apellido>García Montiagudo</apellido>
        <telefono>631356790</telefono>
        <direccion>
            <calle>Calle Del Carmen</calle>
            <ciudad>Granada</ciudad>
            <codigo_postal>18002</codigo_postal>
            <provincia>Granada</provincia>
        </direccion>
        <email>Juanka@gmail.com</email>
        <fecha_inclusion>
            <fecha>12 de Junio</fecha>
            <año>2019</año>
            <trimestre>6</trimestre>
        </fecha_inclusion>
        <datos_Pedido>
            <id_pedido>CE9QLC3TCF8M1AMCHFY00SS2UT</id_pedido>
            <fecha_compra>03-05-2022</fecha_compra>
            <fecha_entrega>06-05-2022</fecha_entrega>
            <total_factura>119€</total_factura>
            <producto>
                <nombre_producto>Shorts de baño</nombre_producto>
                <referencia>127653854</referencia>
                <precio>119€</precio>
                <unidades>1</unidades>
            </producto>
        </datos_Pedido>
    </pedido>

    <pedido>
        <numero>56</numero>
        <nombre>José Antonio</nombre>
        <apellido>Ures Teba</apellido>
        <telefono>678923403</telefono>
        <direccion>
            <calle>Calle Canelita</calle>
            <ciudad>Valdemoro</ciudad>
            <codigo_postal>28343</codigo_postal>
            <provincia>Madrid</provincia>
        </direccion>
        <email>Joseliko@gmail.com</email>
        <fecha_inclusion>
            <fecha>21 de Enero</fecha>
            <año>2013</año>
            <trimestre>6</trimestre>
        </fecha_inclusion>
        <datos_Pedido>
            <id_pedido>X8HVVBZGD9LUCFLT0ZH2P0IIAG</id_pedido>
            <fecha_compra>10-05-2022</fecha_compra>
            <fecha_entrega>14-05-2022</fecha_entrega>
            <total_factura>150€</total_factura>
            <producto>
                <nombre_producto>Pantalones beis holgados estilo worker</nombre_producto>
                <referencia>126393666</referencia>
                <precio>150€</precio>
                <unidades>1</unidades>
            </producto>
        </datos_Pedido>
    </pedido>

    <pedido>
        <numero>57</numero>
        <nombre>Luís</nombre>
        <apellido>Caceres Reino</apellido>
        <telefono>678927778</telefono>
        <direccion>
            <calle>Calle Juan Suarez Carvajal</calle>
            <ciudad>Talavera de la Reina</ciudad>
            <codigo_postal>45600</codigo_postal>
            <provincia>Toledo</provincia>
        </direccion>
        <email>Luisca@gmail.com</email>
        <fecha_inclusion>
            <fecha>2 de Febrero</fecha>
            <año>2011</año>
            <trimestre>6</trimestre>
        </fecha_inclusion>
        <datos_Pedido>
            <id_pedido>KGUN3BRBNLJ70X2SNI0VO0RL0C</id_pedido>
            <fecha_compra>11-05-2022</fecha_compra>
            <fecha_entrega>15-05-2022</fecha_entrega>
            <total_factura>30€</total_factura>
            <producto>
                <nombre_producto>Calcetines azules a cuadros escoceses</nombre_producto>
                <referencia>127149060</referencia>
                <precio>25€</precio>
                <unidades>1</unidades>
            </producto>
        </datos_Pedido>
    </pedido>

    <pedido>
        <numero>58</numero>
        <nombre>Carlos</nombre>
        <apellido>Moreno Moreno</apellido>
        <telefono>678933388</telefono>
        <direccion>
            <calle>Calle María Emperatriz</calle>
            <ciudad>Málaga</ciudad>
            <codigo_postal>29015</codigo_postal>
            <provincia>Málaga</provincia>
        </direccion>
        <email>Carlitos12@gmail.com</email>
        <fecha_inclusion>
            <fecha>23 de Marzo</fecha>
            <año>2018</año>
            <trimestre>6</trimestre>
        </fecha_inclusion>
        <datos_Pedido>
            <id_pedido>5ZV9BZOZH8UNDIFN3ORRRCXELQ</id_pedido>
            <fecha_compra>21-05-2022</fecha_compra>
            <fecha_entrega>28-05-2022</fecha_entrega>
            <total_factura>80€</total_factura>
            <producto>
                <nombre_producto>Gabardina color cerceta con estampado de cocodrilo</nombre_producto>
                <referencia>118778417</referencia>
                <precio>76€</precio>
                <unidades>1</unidades>
            </producto>
        </datos_Pedido>
    </pedido>

    <pedido>
        <numero>59</numero>
        <nombre>Marta</nombre>
        <apellido>Gimenez Garzón</apellido>
        <telefono>678344104</telefono>
        <direccion>
            <calle>Calle Miguel de Cervantes</calle>
            <ciudad>Zaragoza</ciudad>
            <codigo_postal>50001</codigo_postal>
            <provincia>Zaragoza</provincia>
        </direccion>
        <email>Martica@gmail.com</email>
        <fecha_inclusion>
            <fecha>28 de Febrero</fecha>
            <año>2013</año>
            <trimestre>6</trimestre>
        </fecha_inclusion>
        <datos_Pedido>
            <id_pedido>QCDXWVKEZ7231V6B6490EHYNV4</id_pedido>
            <fecha_compra>04-06-2022</fecha_compra>
            <fecha_entrega>09-06-2022</fecha_entrega>
            <total_factura>37€</total_factura>
            <producto>
                <nombre_producto>Sujetador deportivo blanco de sujeción baja</nombre_producto>
                <referencia>121146436</referencia>
                <precio>33€</precio>
                <unidades>1</unidades>
            </producto>
        </datos_Pedido>
    </pedido>

    <pedido>
        <numero>60</numero>
        <nombre>José Alberto</nombre>
        <apellido>Morcillo Navarro</apellido>
        <telefono>633558790</telefono>
        <direccion>
            <calle>Calle Vinalopó</calle>
            <ciudad>Valencia</ciudad>
            <codigo_postal>46002</codigo_postal>
            <provincia>Valencia</provincia>
        </direccion>
        <email>Morcillo@gmail.com</email>
        <fecha_inclusion>
            <fecha>10 de Enero</fecha>
            <año>2017</año>
            <trimestre>6</trimestre>
        </fecha_inclusion>
        <datos_Pedido>
            <id_pedido>3K5BXUHAYKY284ZSKNEXY5ZLMN</id_pedido>
            <fecha_compra>19-06-2022</fecha_compra>
            <fecha_entrega>24-06-2022</fecha_entrega>
            <total_factura>130€</total_factura>
            <producto>
                <nombre_producto>Zapatillas de deporte blanco hueso</nombre_producto>
                <referencia>121898762</referencia>
                <precio>130€</precio>
                <unidades>1</unidades>
            </producto>
        </datos_Pedido>
    </pedido>

    <pedido>
        <numero>61</numero>
        <nombre>César</nombre>
        <apellido>Carrasco Orozco</apellido>
        <telefono>633530148</telefono>
        <direccion>
            <calle>Calle Rupia</calle>
            <ciudad>Don Benito</ciudad>
            <codigo_postal>06400</codigo_postal>
            <provincia>Badajoz</provincia>
        </direccion>
        <email>Carrasquito@gmail.com</email>
        <fecha_inclusion>
            <fecha>5 de Julio</fecha>
            <año>2007</año>
            <trimestre>7</trimestre>
        </fecha_inclusion>
        <datos_Pedido>
            <id_pedido>G5VHLGU224LDIBTXX44KHBQSGN</id_pedido>
            <fecha_compra>05-07-2022</fecha_compra>
            <fecha_entrega>09-07-2022</fecha_entrega>
            <total_factura>39€</total_factura>
            <producto>
                <nombre_producto>Pantalones Capri negros</nombre_producto>
                <referencia>120557636</referencia>
                <precio>35,95€</precio>
                <unidades>1</unidades>
            </producto>
        </datos_Pedido>
    </pedido>

    <pedido>
        <numero>62</numero>
        <nombre>Claudia</nombre>
        <apellido>Melgar Gómez</apellido>
        <telefono>637778888</telefono>
        <direccion>
            <calle>Plaza Elíptica</calle>
            <ciudad>Madrid</ciudad>
            <codigo_postal>28014</codigo_postal>
            <provincia>Madrid</provincia>
        </direccion>
        <email>Melgar@gmail.com</email>
        <fecha_inclusion>
            <fecha>30 de Julio</fecha>
            <año>2010</año>
            <trimestre>7</trimestre>
        </fecha_inclusion>
        <datos_Pedido>
            <id_pedido>1P6YL3IDWUVZHPCPVVHEJM7QFG</id_pedido>
            <fecha_compra>13-07-2022</fecha_compra>
            <fecha_entrega>17-07-2022</fecha_entrega>
            <total_factura>100€</total_factura>
            <producto>
                <nombre_producto>Vestido corto verde oliva</nombre_producto>
                <referencia>127414076</referencia>
                <precio>95,99€</precio>
                <unidades>1</unidades>
            </producto>
        </datos_Pedido>
    </pedido>

    <pedido>
        <numero>63</numero>
        <nombre>Natalia</nombre>
        <apellido>Pérez Martínez</apellido>
        <telefono>631436790</telefono>
        <direccion>
            <calle>Calle Navarra</calle>
            <ciudad>Astorga</ciudad>
            <codigo_postal>24700</codigo_postal>
            <provincia>León</provincia>
        </direccion>
        <email>Nat15@gmail.com</email>
        <fecha_inclusion>
            <fecha>7 de Agosto</fecha>
            <año>2018</año>
            <trimestre>7</trimestre>
        </fecha_inclusion>
        <datos_Pedido>
            <id_pedido>0LFSW5NCNKKFGHQRZVLOBG4539</id_pedido>
            <fecha_compra>26-07-2022</fecha_compra>
            <fecha_entrega>30-07-2022</fecha_entrega>
            <total_factura>26€</total_factura>
            <producto>
                <nombre_producto>Jersey negro a rayas blancas</nombre_producto>
                <referencia>122798387</referencia>
                <precio>22,99€</precio>
                <unidades>1</unidades>
            </producto>
        </datos_Pedido>
    </pedido>

    <pedido>
        <numero>64</numero>
        <nombre>Izan</nombre>
        <apellido>Morcillo Gutierrez</apellido>
        <telefono>633111990</telefono>
        <direccion>
            <calle>Calle Punta Mala</calle>
            <ciudad>Puerto de Mazarrón</ciudad>
            <codigo_postal>30860</codigo_postal>
            <provincia>Murcia</provincia>
        </direccion>
        <email>IzanM12@gmail.com</email>
        <fecha_inclusion>
            <fecha>19 de Agosto</fecha>
            <año>2020</año>
            <trimestre>7</trimestre>
        </fecha_inclusion>
        <datos_Pedido>
            <id_pedido>C4S13SC2JQXG6XWQ7XJPPDO72C</id_pedido>
            <fecha_compra>05-08-2022</fecha_compra>
            <fecha_entrega>08-08-2022</fecha_entrega>
            <total_factura>119€</total_factura>
            <producto>
                <nombre_producto>Mochila negra</nombre_producto>
                <referencia>126008784</referencia>
                <precio>119€</precio>
                <unidades>1</unidades>
            </producto>
        </datos_Pedido>
    </pedido>

    <pedido>
        <numero>65</numero>
        <nombre>Clara</nombre>
        <apellido>González Tomé</apellido>
        <telefono>633334926</telefono>
        <direccion>
            <calle>Calle Vitoria</calle>
            <ciudad>Zamora</ciudad>
            <codigo_postal>49015</codigo_postal>
            <provincia>Zamora</provincia>
        </direccion>
        <email>Clerr@gmail.com</email>
        <fecha_inclusion>
            <fecha>24 de Septiembre</fecha>
            <año>2019</año>
            <trimestre>7</trimestre>
        </fecha_inclusion>
        <datos_Pedido>
            <id_pedido>AFW7AD28FID870HA5AR2N6FN14</id_pedido>
            <fecha_compra>08-08-2022</fecha_compra>
            <fecha_entrega>12-08-2022</fecha_entrega>
            <total_factura>40€</total_factura>
            <producto>
                <nombre_producto>Body rosa de encaje</nombre_producto>
                <referencia>125804423</referencia>
                <precio>36,99€</precio>
                <unidades>1</unidades>
            </producto>
        </datos_Pedido>
    </pedido>

    <pedido>
        <numero>66</numero>
        <nombre>José Antonio</nombre>
        <apellido>Ures Teba</apellido>
        <telefono>678923403</telefono>
        <direccion>
            <calle>Calle Canelita</calle>
            <ciudad>Valdemoro</ciudad>
            <codigo_postal>28343</codigo_postal>
            <provincia>Madrid</provincia>
        </direccion>
        <email>Joseliko@gmail.com</email>
        <fecha_inclusion>
            <fecha>21 de Enero</fecha>
            <año>2013</año>
            <trimestre>7</trimestre>
        </fecha_inclusion>
        <datos_Pedido>
            <id_pedido>B04OEAQ6OBDSXOXDD14WO94UGK</id_pedido>
            <fecha_compra>14-08-2022</fecha_compra>
            <fecha_entrega>18-08-2022</fecha_entrega>
            <total_factura>109€</total_factura>
            <producto>
                <nombre_producto>Vaqueros de corte pitillo</nombre_producto>
                <referencia>126489112</referencia>
                <precio>109€</precio>
                <unidades>1</unidades>
            </producto>
        </datos_Pedido>
    </pedido>

    <pedido>
        <numero>67</numero>
        <nombre>Luís</nombre>
        <apellido>Caceres Reino</apellido>
        <telefono>678927778</telefono>
        <direccion>
            <calle>Calle Juan Suarez Carvajal</calle>
            <ciudad>Talavera de la Reina</ciudad>
            <codigo_postal>45600</codigo_postal>
            <provincia>Toledo</provincia>
        </direccion>
        <email>Luisca@gmail.com</email>
        <fecha_inclusion>
            <fecha>2 de Febrero</fecha>
            <año>2011</año>
            <trimestre>7</trimestre>
        </fecha_inclusion>
        <datos_Pedido>
            <id_pedido>F4F6CBV5281VW3UYD4A175K698</id_pedido>
            <fecha_compra>22-08-2022</fecha_compra>
            <fecha_entrega>26-08-2022</fecha_entrega>
            <total_factura>90€</total_factura>
            <producto>
                <nombre_producto>Vaqueros azul vintage</nombre_producto>
                <referencia>127285840</referencia>
                <precio>85€</precio>
                <unidades>1</unidades>
            </producto>
        </datos_Pedido>
    </pedido>

    <pedido>
        <numero>68</numero>
        <nombre>Carlos</nombre>
        <apellido>Moreno Moreno</apellido>
        <telefono>678933388</telefono>
        <direccion>
            <calle>Calle María Emperatriz</calle>
            <ciudad>Málaga</ciudad>
            <codigo_postal>29015</codigo_postal>
            <provincia>Málaga</provincia>
        </direccion>
        <email>Carlitos12@gmail.com</email>
        <fecha_inclusion>
            <fecha>23 de Marzo</fecha>
            <año>2018</año>
            <trimestre>7</trimestre>
        </fecha_inclusion>
        <datos_Pedido>
            <id_pedido>RVFNA9NTEWM6N5IXG5WP6RR6XE</id_pedido>
            <fecha_compra>28-08-2022</fecha_compra>
            <fecha_entrega>02-09-2022</fecha_entrega>
            <total_factura>130€</total_factura>
            <producto>
                <nombre_producto>Joggers deportivos azul marino</nombre_producto>
                <referencia>120804949</referencia>
                <precio>65€</precio>
                <unidades>2</unidades>
            </producto>
        </datos_Pedido>
    </pedido>

    <pedido>
        <numero>69</numero>
        <nombre>Marta</nombre>
        <apellido>Gimenez Garzón</apellido>
        <telefono>678344104</telefono>
        <direccion>
            <calle>Calle Miguel de Cervantes</calle>
            <ciudad>Zaragoza</ciudad>
            <codigo_postal>50001</codigo_postal>
            <provincia>Zaragoza</provincia>
        </direccion>
        <email>Martica@gmail.com</email>
        <fecha_inclusion>
            <fecha>28 de Febrero</fecha>
            <año>2013</año>
            <trimestre>7</trimestre>
        </fecha_inclusion>
        <datos_Pedido>
            <id_pedido>0NYIC9DZWDT33HFW1W6E07TBRW</id_pedido>
            <fecha_compra>08-09-2022</fecha_compra>
            <fecha_entrega>12-09-2022</fecha_entrega>
            <total_factura>60€</total_factura>
            <producto>
                <nombre_producto>Sandalias lilas de tacón</nombre_producto>
                <referencia>123111272</referencia>
                <precio>55,99€</precio>
                <unidades>1</unidades>
            </producto>
        </datos_Pedido>
    </pedido>

    <pedido>
        <numero>70</numero>
        <nombre>José Alberto</nombre>
        <apellido>Morcillo Navarro</apellido>
        <telefono>633558790</telefono>
        <direccion>
            <calle>Calle Vinalopó</calle>
            <ciudad>Valencia</ciudad>
            <codigo_postal>46002</codigo_postal>
            <provincia>Valencia</provincia>
        </direccion>
        <email>Morcillo@gmail.com</email>
        <fecha_inclusion>
            <fecha>10 de Enero</fecha>
            <año>2017</año>
            <trimestre>7</trimestre>
        </fecha_inclusion>
        <datos_Pedido>
            <id_pedido>DE383WWV3VF9LR1J9JZAD7OPEJ</id_pedido>
            <fecha_compra>15-09-2022</fecha_compra>
            <fecha_entrega>20-09-2022</fecha_entrega>
            <total_factura>57€</total_factura>
            <producto>
                <nombre_producto>Gorra con logo en beis</nombre_producto>
                <referencia>116524383</referencia>
                <precio>52,99€</precio>
                <unidades>1</unidades>
            </producto>
        </datos_Pedido>
    </pedido>

    <pedido>
        <numero>71</numero>
        <nombre>Amelia</nombre>
        <apellido>Lanzas Escribano</apellido>
        <telefono>633500050</telefono>
        <direccion>
            <calle>Calle Ortaleza</calle>
            <ciudad>Madrid</ciudad>
            <codigo_postal>28004</codigo_postal>
            <provincia>Madrid</provincia>
        </direccion>
        <email>Ameli12@gmail.com</email>
        <fecha_inclusion>
            <fecha>15 de Octubre</fecha>
            <año>2010</año>
            <trimestre>8</trimestre>
        </fecha_inclusion>
        <datos_Pedido>
            <id_pedido>L17C8OYON0SP3TKKFEKS6OZTA8</id_pedido>
            <fecha_compra>02-10-2022</fecha_compra>
            <fecha_entrega>05-10-2022</fecha_entrega>
            <total_factura>18€</total_factura>
            <producto>
                <nombre_producto>Braguitas de bikini blancas</nombre_producto>
                <referencia>121970429</referencia>
                <precio>15,99€</precio>
                <unidades>1</unidades>
            </producto>
        </datos_Pedido>
    </pedido>

    <pedido>
        <numero>72</numero>
        <nombre>Miriam</nombre>
        <apellido>Fernández Prado</apellido>
        <telefono>633576588</telefono>
        <direccion>
            <calle>Calle Derecho</calle>
            <ciudad>Pontevedra</ciudad>
            <codigo_postal>36002</codigo_postal>
            <provincia>Pontevedra</provincia>
        </direccion>
        <email>Miri@gmail.com</email>
        <fecha_inclusion>
            <fecha>30 de Octubre</fecha>
            <año>2018</año>
            <trimestre>8</trimestre>
        </fecha_inclusion>
        <datos_Pedido>
            <id_pedido>XJ9TG0MTLBSFWC0NCAVF2W2H4Y</id_pedido>
            <fecha_compra>12-10-2022</fecha_compra>
            <fecha_entrega>16-10-2022</fecha_entrega>
            <total_factura>160€</total_factura>
            <producto>
                <nombre_producto>Chaqueta de plumón larga</nombre_producto>
                <referencia>118736515</referencia>
                <precio>160€</precio>
                <unidades>1</unidades>
            </producto>
        </datos_Pedido>
    </pedido>

    <pedido>
        <numero>73</numero>
        <nombre>Carlos</nombre>
        <apellido>Márquez Carchenilla</apellido>
        <telefono>633630473</telefono>
        <direccion>
            <calle>Avenida Miguel de Cervantes</calle>
            <ciudad>Barcelona</ciudad>
            <codigo_postal>08002</codigo_postal>
            <provincia>Barcelona</provincia>
        </direccion>
        <email>Carles19@gmail.com</email>
        <fecha_inclusion>
            <fecha>12 de Noviembre</fecha>
            <año>2020</año>
            <trimestre>8</trimestre>
        </fecha_inclusion>
        <datos_Pedido>
            <id_pedido>SUOKGC91FI9WHLNZ24P8RQ0YT7</id_pedido>
            <fecha_compra>17-10-2022</fecha_compra>
            <fecha_entrega>21-10-2022</fecha_entrega>
            <total_factura>339€</total_factura>
            <producto>
                <nombre_producto>Chaqueta vaquera negra</nombre_producto>
                <referencia>121933770</referencia>
                <precio>339€</precio>
                <unidades>1</unidades>
            </producto>
        </datos_Pedido>
    </pedido>

    <pedido>
        <numero>74</numero>
        <nombre>Eloy</nombre>
        <apellido>Ortiz Gamonal</apellido>
        <telefono>673228790</telefono>
        <direccion>
            <calle>Calle Don Quijote</calle>
            <ciudad>Castellón</ciudad>
            <codigo_postal>12002</codigo_postal>
            <provincia>Castellón</provincia>
        </direccion>
        <email>Ely1999@gmail.com</email>
        <fecha_inclusion>
            <fecha>3 de Diciembre</fecha>
            <año>2008</año>
            <trimestre>8</trimestre>
        </fecha_inclusion>
        <datos_Pedido>
            <id_pedido>ZT81G27BNMJ4OWEBBMS1IJV9XR</id_pedido>
            <fecha_compra>26-10-2022</fecha_compra>
            <fecha_entrega>30-10-2022</fecha_entrega>
            <total_factura>29€</total_factura>
            <producto>
                <nombre_producto>Pack de dos pares de calcetines</nombre_producto>
                <referencia>123819012</referencia>
                <precio>12,99€</precio>
                <unidades>2</unidades>
            </producto>
        </datos_Pedido>
    </pedido>

    <pedido>
        <numero>75</numero>
        <nombre>Rocío</nombre>
        <apellido>De la Fuente De la Cal</apellido>
        <telefono>633558546</telefono>
        <direccion>
            <calle>Calle Felipe el Hermoso</calle>
            <ciudad>Cangas</ciudad>
            <codigo_postal>36940</codigo_postal>
            <provincia>Pontevedra</provincia>
        </direccion>
        <email>Rociito23@gmail.com</email>
        <fecha_inclusion>
            <fecha>28 de Diciembre</fecha>
            <año>2017</año>
            <trimestre>8</trimestre>
        </fecha_inclusion>
        <datos_Pedido>
            <id_pedido>0NMN1BOHIID4FQK2F7TAC423NE</id_pedido>
            <fecha_compra>02-11-2022</fecha_compra>
            <fecha_entrega>06-11-2022</fecha_entrega>
            <total_factura>50€</total_factura>
            <producto>
                <nombre_producto>Vestido midi color terracota</nombre_producto>
                <referencia>123958351</referencia>
                <precio>46,99€</precio>
                <unidades>1</unidades>
            </producto>
        </datos_Pedido>
    </pedido>

    <pedido>
        <numero>76</numero>
        <nombre>José Antonio</nombre>
        <apellido>Ures Teba</apellido>
        <telefono>678923403</telefono>
        <direccion>
            <calle>Calle Canelita</calle>
            <ciudad>Valdemoro</ciudad>
            <codigo_postal>28343</codigo_postal>
            <provincia>Madrid</provincia>
        </direccion>
        <email>Joseliko@gmail.com</email>
        <fecha_inclusion>
            <fecha>21 de Enero</fecha>
            <año>2013</año>
            <trimestre>8</trimestre>
        </fecha_inclusion>
        <datos_Pedido>
            <id_pedido>0M703XU8WIW2C7DZ69F8F1PU3U</id_pedido>
            <fecha_compra>08-11-2022</fecha_compra>
            <fecha_entrega>14-11-2022</fecha_entrega>
            <total_factura>33€</total_factura>
            <producto>
                <nombre_producto>Gorra beis de pana</nombre_producto>
                <referencia>127358892</referencia>
                <precio>29€</precio>
                <unidades>1</unidades>
            </producto>
        </datos_Pedido>
    </pedido>

    <pedido>
        <numero>77</numero>
        <nombre>Luís</nombre>
        <apellido>Caceres Reino</apellido>
        <telefono>678927778</telefono>
        <direccion>
            <calle>Calle Juan Suarez Carvajal</calle>
            <ciudad>Talavera de la Reina</ciudad>
            <codigo_postal>45600</codigo_postal>
            <provincia>Toledo</provincia>
        </direccion>
        <email>Luisca@gmail.com</email>
        <fecha_inclusion>
            <fecha>2 de Febrero</fecha>
            <año>2011</año>
            <trimestre>8</trimestre>
        </fecha_inclusion>
        <datos_Pedido>
            <id_pedido>8AU5L8VVCJMG9JJHQ6U30CU7TI</id_pedido>
            <fecha_compra>16-11-2022</fecha_compra>
            <fecha_entrega>20-11-2022</fecha_entrega>
            <total_factura>120€</total_factura>
            <producto>
                <nombre_producto>Zapatillas de deporte azul claro</nombre_producto>
                <referencia>122553965</referencia>
                <precio>120€</precio>
                <unidades>1</unidades>
            </producto>
        </datos_Pedido>
    </pedido>

    <pedido>
        <numero>78</numero>
        <nombre>Carlos</nombre>
        <apellido>Moreno Moreno</apellido>
        <telefono>678933388</telefono>
        <direccion>
            <calle>Calle María Emperatriz</calle>
            <ciudad>Málaga</ciudad>
            <codigo_postal>29015</codigo_postal>
            <provincia>Málaga</provincia>
        </direccion>
        <email>Carlitos12@gmail.com</email>
        <fecha_inclusion>
            <fecha>23 de Marzo</fecha>
            <año>2018</año>
            <trimestre>8</trimestre>
        </fecha_inclusion>
        <datos_Pedido>
            <id_pedido>SK0K56H4HJJ6VMA3YA4B7CDQA9</id_pedido>
            <fecha_compra>27-11-2022</fecha_compra>
            <fecha_entrega>02-12-2022</fecha_entrega>
            <total_factura>129,99€</total_factura>
            <producto>
                <nombre_producto>Zapatillas de deporte verde malaquita y negras</nombre_producto>
                <referencia>118904968</referencia>
                <precio>129,99€</precio>
                <unidades>1</unidades>
            </producto>
        </datos_Pedido>
    </pedido>

    <pedido>
        <numero>79</numero>
        <nombre>Marta</nombre>
        <apellido>Gimenez Garzón</apellido>
        <telefono>678344104</telefono>
        <direccion>
            <calle>Calle Miguel de Cervantes</calle>
            <ciudad>Zaragoza</ciudad>
            <codigo_postal>50001</codigo_postal>
            <provincia>Zaragoza</provincia>
        </direccion>
        <email>Martica@gmail.com</email>
        <fecha_inclusion>
            <fecha>28 de Febrero</fecha>
            <año>2013</año>
            <trimestre>8</trimestre>
        </fecha_inclusion>
        <datos_Pedido>
            <id_pedido>EX0XSH8C3DCSU6W398FKJGZI4G</id_pedido>
            <fecha_compra>10-12-2022</fecha_compra>
            <fecha_entrega>15-12-2022</fecha_entrega>
            <total_factura>33€</total_factura>
            <producto>
                <nombre_producto>Pack de 3 pares de calcetines multicolor</nombre_producto>
                <referencia>120273706</referencia>
                <precio>14,99€</precio>
                <unidades>2</unidades>
            </producto>
        </datos_Pedido>
    </pedido>

    <pedido>
        <numero>80</numero>
        <nombre>José Alberto</nombre>
        <apellido>Morcillo Navarro</apellido>
        <telefono>633558790</telefono>
        <direccion>
            <calle>Calle Vinalopó</calle>
            <ciudad>Valencia</ciudad>
            <codigo_postal>46002</codigo_postal>
            <provincia>Valencia</provincia>
        </direccion>
        <email>Morcillo@gmail.com</email>
        <fecha_inclusion>
            <fecha>10 de Enero</fecha>
            <año>2017</año>
            <trimestre>8</trimestre>
        </fecha_inclusion>
        <datos_Pedido>
            <id_pedido>52ZNL8TRGBB8SGIDPFK8ZOVAEN</id_pedido>
            <fecha_compra>19-12-2022</fecha_compra>
            <fecha_entrega>24-12-2022</fecha_entrega>
            <total_factura>70€</total_factura>
            <producto>
                <nombre_producto>Joggers marrón oscuro de borreguito</nombre_producto>
                <referencia>124523696</referencia>
                <precio>66€</precio>
                <unidades>1</unidades>
            </producto>
        </datos_Pedido>
    </pedido>

</pedidos>
